-- LeYi Snack Shop rebuilt catalog test data
-- Generated from database/rebuild_leyi_catalog_seed.py and leyi_catalog_seed.json

USE leyi_snack;

SET FOREIGN_KEY_CHECKS = 0;

DELETE FROM `verify_log`;
DELETE FROM `comment`;
DELETE FROM `order_item`;
DELETE FROM `order`;
DELETE FROM `cart`;
DELETE FROM `goods_image`;
DELETE FROM `goods`;
DELETE FROM `category`;

ALTER TABLE `category` AUTO_INCREMENT = 1;
ALTER TABLE `goods` AUTO_INCREMENT = 1;
ALTER TABLE `goods_image` AUTO_INCREMENT = 1;

INSERT INTO `category` (`id`, `parent_id`, `name`, `sort`) VALUES
  (1, 0, '休闲零食', 1),
  (2, 0, '饼干烘焙', 2),
  (3, 0, '坚果果干', 3),
  (4, 0, '糖巧果冻', 4),
  (5, 0, '肉脯卤味', 5),
  (6, 0, '酒水饮料', 6),
  (7, 0, '乳品冲饮', 7),
  (8, 0, '特产礼盒', 8),
  (101, 1, '薯片膨化', 1),
  (102, 1, '锅巴米饼', 2),
  (103, 1, '玉米卷爆米花', 3),
  (104, 2, '夹心饼干', 1),
  (105, 2, '曲奇威化', 2),
  (106, 2, '面包蛋糕', 3),
  (107, 3, '每日坚果', 1),
  (108, 3, '原味坚果', 2),
  (109, 3, '果干蜜饯', 3),
  (110, 4, '巧克力', 1),
  (111, 4, '糖果软糖', 2),
  (112, 4, '果冻布丁', 3),
  (113, 5, '肉干肉脯', 1),
  (114, 5, '卤味素食', 2),
  (115, 5, '鱼豆腐海味', 3),
  (116, 6, '碳酸饮料', 1),
  (117, 6, '果汁茶饮', 2),
  (118, 6, '咖啡功能饮料', 3),
  (119, 6, '矿泉水苏打水', 4),
  (120, 7, '常温乳品', 1),
  (121, 7, '酸奶乳酸菌', 2),
  (122, 7, '奶茶冲饮', 3),
  (123, 8, '地方特产', 1),
  (124, 8, '进口零食', 2),
  (125, 8, '节庆礼盒', 3);

INSERT INTO `goods` (`id`, `category_id`, `name`, `price`, `stock`, `safety_stock`, `bar_code`, `image_url`, `description`, `promotion_tag`, `is_on_sale`, `is_deleted`, `expire_date`) VALUES
  (1, 101, '乐事原味薯片 75g', 7.90, 43, 9, '6909000000001', '/uploads/goods/goods_001.jpg', '乐事原味薯片采用75g便携规格，薯香浓郁、口感酥脆，追剧分享和办公室解馋都很合适。', '店长推荐', 1, 0, '2027-08-31'),
  (2, 101, '乐事烧烤味薯片 70g', 7.90, 50, 10, '6909000000002', '/uploads/goods/goods_002.jpg', '乐事烧烤味薯片采用70g便携规格，薯香浓郁、口感酥脆，追剧分享和办公室解馋都很合适。', '', 1, 0, '2027-08-31'),
  (3, 101, '乐事海盐薯片 70g', 8.50, 57, 11, '6909000000003', '/uploads/goods/goods_003.jpg', '乐事海盐薯片采用70g便携规格，薯香浓郁、口感酥脆，追剧分享和办公室解馋都很合适。', '', 1, 0, '2027-08-31'),
  (4, 101, '品客原味薯片 110g', 14.90, 64, 12, '6909000000004', '/uploads/goods/goods_004.jpg', '品客原味薯片采用110g便携规格，薯香浓郁、口感酥脆，追剧分享和办公室解馋都很合适。', '', 1, 0, '2027-08-31'),
  (5, 101, '品客酸奶洋葱薯片 102g', 14.90, 71, 13, '6909000000005', '/uploads/goods/goods_005.jpg', '品客酸奶洋葱薯片采用102g便携规格，薯香浓郁、口感酥脆，追剧分享和办公室解馋都很合适。', '', 1, 0, '2027-08-31'),
  (6, 101, 'Ruffles原味波纹薯片 70g', 9.90, 78, 14, '6909000000006', '/uploads/goods/goods_006.jpg', 'Ruffles原味波纹薯片采用70g便携规格，薯香浓郁、口感酥脆，追剧分享和办公室解馋都很合适。', '', 1, 0, '2027-08-31'),
  (7, 101, '奇多香辣玉米脆 65g', 8.90, 85, 15, '6909000000007', '/uploads/goods/goods_007.jpg', '奇多香辣玉米脆采用65g便携规格，薯香浓郁、口感酥脆，追剧分享和办公室解馋都很合适。', '', 1, 0, '2027-08-31'),
  (8, 101, 'Kettle海盐黑胡椒厚切薯片 60g', 15.90, 92, 16, '6909000000008', '/uploads/goods/goods_008.jpg', 'Kettle海盐黑胡椒厚切薯片采用60g便携规格，薯香浓郁、口感酥脆，追剧分享和办公室解馋都很合适。', '', 1, 0, '2027-08-31'),
  (9, 102, '旺旺仙贝 112g', 12.80, 99, 8, '6909000000009', '/uploads/goods/goods_009.jpg', '旺旺仙贝带来扎实米香与轻脆口感，112g分享装越嚼越香，适合下午茶和家庭零嘴。', '米香热卖', 1, 0, '2027-08-31'),
  (10, 102, '旺旺雪饼 84g', 9.90, 41, 9, '6909000000010', '/uploads/goods/goods_010.jpg', '旺旺雪饼带来扎实米香与轻脆口感，84g分享装越嚼越香，适合下午茶和家庭零嘴。', '', 1, 0, '2027-08-31'),
  (11, 102, '岩塚海苔米饼 90g', 15.80, 48, 10, '6909000000011', '/uploads/goods/goods_011.jpg', '岩塚海苔米饼带来扎实米香与轻脆口感，90g分享装越嚼越香，适合下午茶和家庭零嘴。', '', 1, 0, '2027-08-31'),
  (12, 102, '龟田柿种米果 100g', 16.90, 55, 11, '6909000000012', '/uploads/goods/goods_012.jpg', '龟田柿种米果带来扎实米香与轻脆口感，100g分享装越嚼越香，适合下午茶和家庭零嘴。', '', 1, 0, '2027-08-31'),
  (13, 103, '多力多滋芝士味玉米片 65g', 11.90, 62, 12, '6909000000013', '/uploads/goods/goods_013.jpg', '多力多滋芝士味玉米片主打玉米谷物香气，65g独立装方便囤货，看片、露营和聚会都很受欢迎。', '追剧搭子', 1, 0, '2027-08-31'),
  (14, 103, '多力多滋甜辣味玉米片 65g', 11.90, 69, 13, '6909000000014', '/uploads/goods/goods_014.jpg', '多力多滋甜辣味玉米片主打玉米谷物香气，65g独立装方便囤货，看片、露营和聚会都很受欢迎。', '', 1, 0, '2027-08-31'),
  (15, 103, 'ACT II黄油爆米花 78g', 12.90, 76, 14, '6909000000015', '/uploads/goods/goods_015.jpg', 'ACT II黄油爆米花主打玉米谷物香气，78g独立装方便囤货，看片、露营和聚会都很受欢迎。', '', 1, 0, '2027-08-31'),
  (16, 103, 'Smartfood白切达爆米花 60g', 13.90, 83, 15, '6909000000016', '/uploads/goods/goods_016.jpg', 'Smartfood白切达爆米花主打玉米谷物香气，60g独立装方便囤货，看片、露营和聚会都很受欢迎。', '', 1, 0, '2027-08-31'),
  (17, 104, '奥利奥原味夹心饼干 97g', 12.90, 90, 16, '6909000000017', '/uploads/goods/goods_017.jpg', '奥利奥原味夹心饼干夹心细腻、甜而不腻，97g刚好适合随手开袋，搭配牛奶咖啡更有满足感。', '精选推荐', 1, 0, '2027-06-30'),
  (18, 104, '奥利奥草莓味夹心饼干 97g', 12.90, 97, 8, '6909000000018', '/uploads/goods/goods_018.jpg', '奥利奥草莓味夹心饼干夹心细腻、甜而不腻，97g刚好适合随手开袋，搭配牛奶咖啡更有满足感。', '', 1, 0, '2027-06-30'),
  (19, 104, '奥利奥巧克力味夹心饼干 97g', 12.90, 39, 9, '6909000000019', '/uploads/goods/goods_019.jpg', '奥利奥巧克力味夹心饼干夹心细腻、甜而不腻，97g刚好适合随手开袋，搭配牛奶咖啡更有满足感。', '', 1, 0, '2027-06-30'),
  (20, 104, '乐之芝士夹心苏打饼干 100g', 10.90, 46, 10, '6909000000020', '/uploads/goods/goods_020.jpg', '乐之芝士夹心苏打饼干夹心细腻、甜而不腻，100g刚好适合随手开袋，搭配牛奶咖啡更有满足感。', '', 1, 0, '2027-06-30'),
  (21, 104, '乐之花生夹心苏打饼干 100g', 10.90, 53, 11, '6909000000021', '/uploads/goods/goods_021.jpg', '乐之花生夹心苏打饼干夹心细腻、甜而不腻，100g刚好适合随手开袋，搭配牛奶咖啡更有满足感。', '', 1, 0, '2027-06-30'),
  (22, 105, '趣多多巧克力曲奇 95g', 9.90, 60, 12, '6909000000022', '/uploads/goods/goods_022.jpg', '趣多多巧克力曲奇奶香和酥脆层次分明，95g装随手带着走，是下午茶和办公室分享的高频选择。', '下午茶搭子', 1, 0, '2027-06-30'),
  (23, 105, '丹麦蓝罐曲奇 90g', 22.90, 67, 13, '6909000000023', '/uploads/goods/goods_023.jpg', '丹麦蓝罐曲奇奶香和酥脆层次分明，90g装随手带着走，是下午茶和办公室分享的高频选择。', '', 1, 0, '2027-06-30'),
  (24, 105, '莱家榛子威化 45g', 13.80, 74, 14, '6909000000024', '/uploads/goods/goods_024.jpg', '莱家榛子威化奶香和酥脆层次分明，45g装随手带着走，是下午茶和办公室分享的高频选择。', '', 1, 0, '2027-06-30'),
  (25, 105, '丽芝士纳宝帝奶酪威化 58g', 8.90, 81, 15, '6909000000025', '/uploads/goods/goods_025.jpg', '丽芝士纳宝帝奶酪威化奶香和酥脆层次分明，58g装随手带着走，是下午茶和办公室分享的高频选择。', '', 1, 0, '2027-06-30'),
  (26, 106, '好丽友经典巧克力派 204g', 13.90, 88, 16, '6909000000026', '/uploads/goods/goods_026.jpg', '好丽友经典巧克力派口感松软细腻，204g规格适合早餐、加班垫肚子或下午茶轻松补能量。', '早餐优选', 1, 0, '2027-06-30'),
  (27, 106, '达利园法式小面包 200g', 12.50, 95, 8, '6909000000027', '/uploads/goods/goods_027.jpg', '达利园法式小面包口感松软细腻，200g规格适合早餐、加班垫肚子或下午茶轻松补能量。', '', 1, 0, '2027-06-30'),
  (28, 106, '盼盼软华夫蛋糕 168g', 14.80, 37, 9, '6909000000028', '/uploads/goods/goods_028.jpg', '盼盼软华夫蛋糕口感松软细腻，168g规格适合早餐、加班垫肚子或下午茶轻松补能量。', '', 1, 0, '2027-06-30'),
  (29, 106, '宾堡奶香吐司面包 180g', 13.90, 44, 10, '6909000000029', '/uploads/goods/goods_029.jpg', '宾堡奶香吐司面包口感松软细腻，180g规格适合早餐、加班垫肚子或下午茶轻松补能量。', '', 1, 0, '2027-06-30'),
  (30, 106, '桃李醇熟切片面包 300g', 16.50, 51, 11, '6909000000030', '/uploads/goods/goods_030.jpg', '桃李醇熟切片面包口感松软细腻，300g规格适合早餐、加班垫肚子或下午茶轻松补能量。', '', 1, 0, '2027-06-30'),
  (31, 107, '三只松鼠每日坚果 175g', 29.90, 58, 12, '6909000000031', '/uploads/goods/goods_031.jpg', '三只松鼠每日坚果甄选多种果仁组合，175g随手包设计方便补充能量，通勤、办公和健身后都适合。', '营养搭子', 1, 0, '2027-09-30'),
  (32, 107, '沃隆每日坚果 150g', 27.90, 65, 13, '6909000000032', '/uploads/goods/goods_032.jpg', '沃隆每日坚果甄选多种果仁组合，150g随手包设计方便补充能量，通勤、办公和健身后都适合。', '', 1, 0, '2027-09-30'),
  (33, 107, '百草味每日坚果 175g', 28.90, 72, 14, '6909000000033', '/uploads/goods/goods_033.jpg', '百草味每日坚果甄选多种果仁组合，175g随手包设计方便补充能量，通勤、办公和健身后都适合。', '', 1, 0, '2027-09-30'),
  (34, 107, 'Planters每日混合坚果 198g', 32.90, 79, 15, '6909000000034', '/uploads/goods/goods_034.jpg', 'Planters每日混合坚果甄选多种果仁组合，198g随手包设计方便补充能量，通勤、办公和健身后都适合。', '', 1, 0, '2027-09-30'),
  (35, 108, '洽洽原香瓜子 108g', 7.50, 86, 16, '6909000000035', '/uploads/goods/goods_035.jpg', '洽洽原香瓜子果仁饱满、新鲜香脆，108g分享装越嚼越香，是门店里很受欢迎的耐吃型零嘴。', '门店热卖', 1, 0, '2027-09-30'),
  (36, 108, '洽洽焦糖山核桃味瓜子 108g', 8.50, 93, 8, '6909000000036', '/uploads/goods/goods_036.jpg', '洽洽焦糖山核桃味瓜子果仁饱满、新鲜香脆，108g分享装越嚼越香，是门店里很受欢迎的耐吃型零嘴。', '', 1, 0, '2027-09-30'),
  (37, 108, '三只松鼠夏威夷果 200g', 39.90, 100, 9, '6909000000037', '/uploads/goods/goods_037.jpg', '三只松鼠夏威夷果果仁饱满、新鲜香脆，200g分享装越嚼越香，是门店里很受欢迎的耐吃型零嘴。', '', 1, 0, '2027-09-30'),
  (38, 108, '良品铺子巴旦木 180g', 26.90, 42, 10, '6909000000038', '/uploads/goods/goods_038.jpg', '良品铺子巴旦木果仁饱满、新鲜香脆，180g分享装越嚼越香，是门店里很受欢迎的耐吃型零嘴。', '', 1, 0, '2027-09-30'),
  (39, 108, '百草味开心果 190g', 32.90, 49, 11, '6909000000039', '/uploads/goods/goods_039.jpg', '百草味开心果果仁饱满、新鲜香脆，190g分享装越嚼越香，是门店里很受欢迎的耐吃型零嘴。', '', 1, 0, '2027-09-30'),
  (40, 109, '良品铺子芒果干 108g', 18.90, 56, 12, '6909000000040', '/uploads/goods/goods_040.jpg', '良品铺子芒果干果香自然、酸甜开胃，108g小包装方便囤货，追剧和旅途路上都能随手来一包。', '酸甜开胃', 1, 0, '2027-09-30'),
  (41, 109, '百草味草莓干 100g', 19.90, 63, 13, '6909000000041', '/uploads/goods/goods_041.jpg', '百草味草莓干果香自然、酸甜开胃，100g小包装方便囤货，追剧和旅途路上都能随手来一包。', '', 1, 0, '2027-09-30'),
  (42, 109, '三只松鼠蔓越莓干 120g', 16.90, 70, 14, '6909000000042', '/uploads/goods/goods_042.jpg', '三只松鼠蔓越莓干果香自然、酸甜开胃，120g小包装方便囤货，追剧和旅途路上都能随手来一包。', '', 1, 0, '2027-09-30'),
  (43, 109, '溜溜梅清梅 88g', 9.90, 77, 15, '6909000000043', '/uploads/goods/goods_043.jpg', '溜溜梅清梅果香自然、酸甜开胃，88g小包装方便囤货，追剧和旅途路上都能随手来一包。', '', 1, 0, '2027-09-30'),
  (44, 109, '良品铺子葡萄干 150g', 13.90, 84, 16, '6909000000044', '/uploads/goods/goods_044.jpg', '良品铺子葡萄干果香自然、酸甜开胃，150g小包装方便囤货，追剧和旅途路上都能随手来一包。', '', 1, 0, '2027-09-30'),
  (45, 110, '德芙丝滑牛奶巧克力 90g', 14.80, 91, 8, '6909000000045', '/uploads/goods/goods_045.jpg', '德芙丝滑牛奶巧克力口感丝滑香浓，90g规格兼顾分享与自留，节日备糖和日常解馋都很体面。', '节日甜礼', 1, 0, '2027-12-31'),
  (46, 110, '费列罗榛果威化巧克力 90g', 39.90, 98, 9, '6909000000046', '/uploads/goods/goods_046.jpg', '费列罗榛果威化巧克力口感丝滑香浓，90g规格兼顾分享与自留，节日备糖和日常解馋都很体面。', '', 1, 0, '2027-12-31'),
  (47, 110, 'M&M''s花生牛奶巧克力豆 100g', 13.90, 40, 10, '6909000000047', '/uploads/goods/goods_047.jpg', 'M&M''s花生牛奶巧克力豆口感丝滑香浓，100g规格兼顾分享与自留，节日备糖和日常解馋都很体面。', '', 1, 0, '2027-12-31'),
  (48, 110, '士力架花生夹心巧克力 51g', 6.90, 47, 11, '6909000000048', '/uploads/goods/goods_048.jpg', '士力架花生夹心巧克力口感丝滑香浓，51g规格兼顾分享与自留，节日备糖和日常解馋都很体面。', '', 1, 0, '2027-12-31'),
  (49, 111, '阿尔卑斯牛奶硬糖 84g', 8.50, 54, 12, '6909000000049', '/uploads/goods/goods_049.jpg', '阿尔卑斯牛奶硬糖甜味讨喜、入口轻松，84g包装适合家庭囤货和朋友聚会，气氛感很足。', '童年回味', 1, 0, '2027-12-31'),
  (50, 111, '徐福记酥心糖 120g', 16.80, 61, 13, '6909000000050', '/uploads/goods/goods_050.jpg', '徐福记酥心糖甜味讨喜、入口轻松，120g包装适合家庭囤货和朋友聚会，气氛感很足。', '', 1, 0, '2027-12-31'),
  (51, 111, 'Haribo金熊软糖 100g', 12.90, 68, 14, '6909000000051', '/uploads/goods/goods_051.jpg', 'Haribo金熊软糖甜味讨喜、入口轻松，100g包装适合家庭囤货和朋友聚会，气氛感很足。', '', 1, 0, '2027-12-31'),
  (52, 111, 'Skittles彩虹糖原果味 90g', 11.90, 75, 15, '6909000000052', '/uploads/goods/goods_052.jpg', 'Skittles彩虹糖原果味甜味讨喜、入口轻松，90g包装适合家庭囤货和朋友聚会，气氛感很足。', '', 1, 0, '2027-12-31'),
  (53, 112, '喜之郎葡萄果冻 150g', 7.90, 82, 16, '6909000000053', '/uploads/goods/goods_053.jpg', '喜之郎葡萄果冻Q弹顺滑、果味清爽，150g冷藏后口感更佳，下午茶和家庭餐后都很合适。', '冰镇更佳', 1, 0, '2027-12-31'),
  (54, 112, '喜之郎什锦果冻 200g', 9.90, 89, 8, '6909000000054', '/uploads/goods/goods_054.jpg', '喜之郎什锦果冻Q弹顺滑、果味清爽，200g冷藏后口感更佳，下午茶和家庭餐后都很合适。', '', 1, 0, '2027-12-31'),
  (55, 112, '旺旺旺仔牛奶布丁 132g', 10.90, 96, 9, '6909000000055', '/uploads/goods/goods_055.jpg', '旺旺旺仔牛奶布丁Q弹顺滑、果味清爽，132g冷藏后口感更佳，下午茶和家庭餐后都很合适。', '', 1, 0, '2027-12-31'),
  (56, 112, '蒟蒻白桃果冻 180g', 12.90, 38, 10, '6909000000056', '/uploads/goods/goods_056.jpg', '蒟蒻白桃果冻Q弹顺滑、果味清爽，180g冷藏后口感更佳，下午茶和家庭餐后都很合适。', '', 1, 0, '2027-12-31'),
  (57, 113, '良品铺子靖江猪肉脯 100g', 19.90, 45, 11, '6909000000057', '/uploads/goods/goods_057.jpg', '良品铺子靖江猪肉脯肉香扎实、耐嚼过瘾，100g独立装方便分享，越嚼越香很适合深夜解馋。', '越嚼越香', 1, 0, '2027-07-31'),
  (58, 113, '三只松鼠灯影牛肉丝 90g', 22.90, 52, 12, '6909000000058', '/uploads/goods/goods_058.jpg', '三只松鼠灯影牛肉丝肉香扎实、耐嚼过瘾，90g独立装方便分享，越嚼越香很适合深夜解馋。', '', 1, 0, '2027-07-31'),
  (59, 113, '来伊份手撕牛肉 88g', 21.90, 59, 13, '6909000000059', '/uploads/goods/goods_059.jpg', '来伊份手撕牛肉肉香扎实、耐嚼过瘾，88g独立装方便分享，越嚼越香很适合深夜解馋。', '', 1, 0, '2027-07-31'),
  (60, 113, '棒棒娃麻辣牛肉干 88g', 18.90, 66, 14, '6909000000060', '/uploads/goods/goods_060.jpg', '棒棒娃麻辣牛肉干肉香扎实、耐嚼过瘾，88g独立装方便分享，越嚼越香很适合深夜解馋。', '', 1, 0, '2027-07-31'),
  (61, 114, '卫龙大面筋 106g', 8.90, 73, 15, '6909000000061', '/uploads/goods/goods_061.jpg', '卫龙大面筋卤香入味、层次丰富，106g规格方便随手开吃，微辣开胃是很多老客的回购款。', '香辣上头', 1, 0, '2027-07-31'),
  (62, 114, '良品铺子香卤兰花干 108g', 10.90, 80, 16, '6909000000062', '/uploads/goods/goods_062.jpg', '良品铺子香卤兰花干卤香入味、层次丰富，108g规格方便随手开吃，微辣开胃是很多老客的回购款。', '', 1, 0, '2027-07-31'),
  (63, 114, '盐津铺子香辣豆干 108g', 11.90, 87, 8, '6909000000063', '/uploads/goods/goods_063.jpg', '盐津铺子香辣豆干卤香入味、层次丰富，108g规格方便随手开吃，微辣开胃是很多老客的回购款。', '', 1, 0, '2027-07-31'),
  (64, 115, '良品铺子鱼豆腐烧烤味 105g', 12.90, 94, 9, '6909000000064', '/uploads/goods/goods_064.jpg', '良品铺子鱼豆腐烧烤味海味鲜香、Q弹有嚼劲，105g分享装适合露营、追剧和办公室囤零嘴。', '海味小食', 1, 0, '2027-07-31'),
  (65, 115, '三只松鼠手撕鱿鱼条 80g', 19.90, 36, 10, '6909000000065', '/uploads/goods/goods_065.jpg', '三只松鼠手撕鱿鱼条海味鲜香、Q弹有嚼劲，80g分享装适合露营、追剧和办公室囤零嘴。', '', 1, 0, '2027-07-31'),
  (66, 115, '海欣鱼豆腐原味 120g', 13.90, 43, 11, '6909000000066', '/uploads/goods/goods_066.jpg', '海欣鱼豆腐原味海味鲜香、Q弹有嚼劲，120g分享装适合露营、追剧和办公室囤零嘴。', '', 1, 0, '2027-07-31'),
  (67, 116, '可口可乐可乐 330ml', 3.50, 50, 12, '6909000000067', '/uploads/goods/goods_067.jpg', '可口可乐可乐冰镇后更加畅爽，330ml单罐刚好满足一顿快乐补给，搭配炸物和薯片特别对味。', '冰镇更爽', 1, 0, '2027-10-31'),
  (68, 116, '百事可乐 330ml', 3.50, 57, 13, '6909000000068', '/uploads/goods/goods_068.jpg', '百事可乐冰镇后更加畅爽，330ml单罐刚好满足一顿快乐补给，搭配炸物和薯片特别对味。', '', 1, 0, '2027-10-31'),
  (69, 116, '雪碧柠檬味汽水 330ml', 3.50, 64, 14, '6909000000069', '/uploads/goods/goods_069.jpg', '雪碧柠檬味汽水冰镇后更加畅爽，330ml单罐刚好满足一顿快乐补给，搭配炸物和薯片特别对味。', '', 1, 0, '2027-10-31'),
  (70, 116, '芬达橙味汽水 330ml', 3.50, 71, 15, '6909000000070', '/uploads/goods/goods_070.jpg', '芬达橙味汽水冰镇后更加畅爽，330ml单罐刚好满足一顿快乐补给，搭配炸物和薯片特别对味。', '', 1, 0, '2027-10-31'),
  (71, 117, '康师傅冰红茶 500ml', 4.00, 78, 16, '6909000000071', '/uploads/goods/goods_071.jpg', '康师傅冰红茶主打清爽茶果风味，500ml瓶装带着走更方便，解腻顺口，适合日常补水。', '解腻推荐', 1, 0, '2027-10-31'),
  (72, 117, '统一阿萨姆奶茶 500ml', 5.50, 85, 8, '6909000000072', '/uploads/goods/goods_072.jpg', '统一阿萨姆奶茶主打清爽茶果风味，500ml瓶装带着走更方便，解腻顺口，适合日常补水。', '', 1, 0, '2027-10-31'),
  (73, 117, '农夫果园混合果蔬汁 450ml', 6.50, 92, 9, '6909000000073', '/uploads/goods/goods_073.jpg', '农夫果园混合果蔬汁主打清爽茶果风味，450ml瓶装带着走更方便，解腻顺口，适合日常补水。', '', 1, 0, '2027-10-31'),
  (74, 117, '维他柠檬茶 500ml', 5.50, 99, 10, '6909000000074', '/uploads/goods/goods_074.jpg', '维他柠檬茶主打清爽茶果风味，500ml瓶装带着走更方便，解腻顺口，适合日常补水。', '', 1, 0, '2027-10-31'),
  (75, 117, '元气森林燃茶桃香乌龙 500ml', 6.80, 41, 11, '6909000000075', '/uploads/goods/goods_075.jpg', '元气森林燃茶桃香乌龙主打清爽茶果风味，500ml瓶装带着走更方便，解腻顺口，适合日常补水。', '', 1, 0, '2027-10-31'),
  (76, 117, '美汁源果粒橙 450ml', 4.80, 48, 12, '6909000000076', '/uploads/goods/goods_076.jpg', '美汁源果粒橙主打清爽茶果风味，450ml瓶装带着走更方便，解腻顺口，适合日常补水。', '', 1, 0, '2027-10-31'),
  (77, 118, '红牛维生素风味饮料 250ml', 6.50, 55, 13, '6909000000077', '/uploads/goods/goods_077.jpg', '红牛维生素风味饮料兼顾风味和提神体验，250ml方便冷藏即饮，通勤、加班和长途出行都很实用。', '提神必备', 1, 0, '2027-10-31'),
  (78, 118, '东鹏特饮 250ml', 5.80, 62, 14, '6909000000078', '/uploads/goods/goods_078.jpg', '东鹏特饮兼顾风味和提神体验，250ml方便冷藏即饮，通勤、加班和长途出行都很实用。', '', 1, 0, '2027-10-31'),
  (79, 118, '雀巢丝滑拿铁咖啡 268ml', 7.90, 69, 15, '6909000000079', '/uploads/goods/goods_079.jpg', '雀巢丝滑拿铁咖啡兼顾风味和提神体验，268ml方便冷藏即饮，通勤、加班和长途出行都很实用。', '', 1, 0, '2027-10-31'),
  (80, 119, '农夫山泉饮用天然水 550ml', 2.50, 76, 16, '6909000000080', '/uploads/goods/goods_080.jpg', '农夫山泉饮用天然水口感清冽干净，550ml即开即饮，随餐搭配不抢味，是日常补水的安心选择。', '清爽补水', 1, 0, '2027-10-31'),
  (81, 119, '百岁山矿泉水 570ml', 3.00, 83, 8, '6909000000081', '/uploads/goods/goods_081.jpg', '百岁山矿泉水口感清冽干净，570ml即开即饮，随餐搭配不抢味，是日常补水的安心选择。', '', 1, 0, '2027-10-31'),
  (82, 119, '巴黎水原味气泡水 330ml', 5.90, 90, 9, '6909000000082', '/uploads/goods/goods_082.jpg', '巴黎水原味气泡水口感清冽干净，330ml即开即饮，随餐搭配不抢味，是日常补水的安心选择。', '', 1, 0, '2027-10-31'),
  (83, 120, '伊利纯牛奶 250ml', 4.50, 97, 10, '6909000000083', '/uploads/goods/goods_083.jpg', '伊利纯牛奶奶香顺滑、入口自然，250ml规格适合早餐、下午茶和居家常备。', '早餐常备', 1, 0, '2027-03-31'),
  (84, 120, '蒙牛特仑苏纯牛奶 250ml', 5.80, 39, 11, '6909000000084', '/uploads/goods/goods_084.jpg', '蒙牛特仑苏纯牛奶奶香顺滑、入口自然，250ml规格适合早餐、下午茶和居家常备。', '', 1, 0, '2027-03-31'),
  (85, 120, '维他奶原味豆奶 250ml', 4.80, 46, 12, '6909000000085', '/uploads/goods/goods_085.jpg', '维他奶原味豆奶奶香顺滑、入口自然，250ml规格适合早餐、下午茶和居家常备。', '', 1, 0, '2027-03-31'),
  (86, 120, '旺旺旺仔牛奶 245ml', 5.50, 53, 13, '6909000000086', '/uploads/goods/goods_086.jpg', '旺旺旺仔牛奶奶香顺滑、入口自然，245ml规格适合早餐、下午茶和居家常备。', '', 1, 0, '2027-03-31'),
  (87, 121, '养乐多乳酸菌饮品 100ml*5', 13.90, 60, 14, '6909000000087', '/uploads/goods/goods_087.jpg', '养乐多乳酸菌饮品酸甜清爽、口感轻盈，100ml*5冷藏后风味更好，是很多用户的早餐搭档。', '冷藏更佳', 1, 0, '2027-03-31'),
  (88, 121, '蒙牛优益C乳酸菌 340ml', 7.90, 67, 15, '6909000000088', '/uploads/goods/goods_088.jpg', '蒙牛优益C乳酸菌酸甜清爽、口感轻盈，340ml冷藏后风味更好，是很多用户的早餐搭档。', '', 1, 0, '2027-03-31'),
  (89, 121, '伊利安慕希希腊风味酸奶 205g', 8.90, 74, 16, '6909000000089', '/uploads/goods/goods_089.jpg', '伊利安慕希希腊风味酸奶酸甜清爽、口感轻盈，205g冷藏后风味更好，是很多用户的早餐搭档。', '', 1, 0, '2027-03-31'),
  (90, 122, '香飘飘原味奶茶 80g', 11.90, 81, 8, '6909000000090', '/uploads/goods/goods_090.jpg', '香飘飘原味奶茶冲泡方便、奶香浓郁，80g规格刚好满足一杯热饮需求，下午茶氛围感拉满。', '冲泡方便', 1, 0, '2027-03-31'),
  (91, 122, '优乐美珍珠奶茶 80g', 10.90, 88, 9, '6909000000091', '/uploads/goods/goods_091.jpg', '优乐美珍珠奶茶冲泡方便、奶香浓郁，80g规格刚好满足一杯热饮需求，下午茶氛围感拉满。', '', 1, 0, '2027-03-31'),
  (92, 122, '立顿港式鸳鸯奶茶固体饮料 100g', 14.90, 95, 10, '6909000000092', '/uploads/goods/goods_092.jpg', '立顿港式鸳鸯奶茶固体饮料冲泡方便、奶香浓郁，100g规格刚好满足一杯热饮需求，下午茶氛围感拉满。', '', 1, 0, '2027-03-31'),
  (93, 123, '稻香村京八件糕点礼包 400g', 39.90, 37, 11, '6909000000093', '/uploads/goods/goods_093.jpg', '稻香村京八件糕点礼包带有鲜明地方风味，400g包装拿得出手，自己吃或待客分享都很合适。', '地方风味', 1, 0, '2027-05-31'),
  (94, 123, '桂花绿豆糕 220g', 16.90, 44, 12, '6909000000094', '/uploads/goods/goods_094.jpg', '桂花绿豆糕带有鲜明地方风味，220g包装拿得出手，自己吃或待客分享都很合适。', '', 1, 0, '2027-05-31'),
  (95, 123, '重庆怪味胡豆 180g', 14.90, 51, 13, '6909000000095', '/uploads/goods/goods_095.jpg', '重庆怪味胡豆带有鲜明地方风味，180g包装拿得出手，自己吃或待客分享都很合适。', '', 1, 0, '2027-05-31'),
  (96, 123, '天津麻花什锦装 360g', 24.90, 58, 14, '6909000000096', '/uploads/goods/goods_096.jpg', '天津麻花什锦装带有鲜明地方风味，360g包装拿得出手，自己吃或待客分享都很合适。', '', 1, 0, '2027-05-31'),
  (97, 124, '百乐滋巧克力棒 55g', 9.90, 65, 15, '6909000000097', '/uploads/goods/goods_097.jpg', '百乐滋巧克力棒是门店里很稳定的人气进口零食，55g包装精致，送朋友也很加分。', '进口人气', 1, 0, '2027-05-31'),
  (98, 124, 'Loacker香草威化 125g', 18.90, 72, 16, '6909000000098', '/uploads/goods/goods_098.jpg', 'Loacker香草威化是门店里很稳定的人气进口零食，125g包装精致，送朋友也很加分。', '', 1, 0, '2027-05-31'),
  (99, 125, '三只松鼠坚果礼盒 750g', 89.00, 79, 8, '6909000000099', '/uploads/goods/goods_099.jpg', '三只松鼠坚果礼盒更适合节庆送礼和多人分享，750g礼盒装体面大方，囤年货也很省心。', '送礼优选', 1, 0, '2027-05-31'),
  (100, 125, '德芙巧克力礼盒 280g', 79.00, 86, 9, '6909000000100', '/uploads/goods/goods_100.jpg', '德芙巧克力礼盒更适合节庆送礼和多人分享，280g礼盒装体面大方，囤年货也很省心。', '', 1, 0, '2027-05-31');

INSERT INTO `goods_image` (`goods_id`, `image_url`, `sort`) VALUES
  (1, '/uploads/goods/goods_001.jpg', 1),
  (2, '/uploads/goods/goods_002.jpg', 1),
  (3, '/uploads/goods/goods_003.jpg', 1),
  (4, '/uploads/goods/goods_004.jpg', 1),
  (5, '/uploads/goods/goods_005.jpg', 1),
  (6, '/uploads/goods/goods_006.jpg', 1),
  (7, '/uploads/goods/goods_007.jpg', 1),
  (8, '/uploads/goods/goods_008.jpg', 1),
  (9, '/uploads/goods/goods_009.jpg', 1),
  (10, '/uploads/goods/goods_010.jpg', 1),
  (11, '/uploads/goods/goods_011.jpg', 1),
  (12, '/uploads/goods/goods_012.jpg', 1),
  (13, '/uploads/goods/goods_013.jpg', 1),
  (14, '/uploads/goods/goods_014.jpg', 1),
  (15, '/uploads/goods/goods_015.jpg', 1),
  (16, '/uploads/goods/goods_016.jpg', 1),
  (17, '/uploads/goods/goods_017.jpg', 1),
  (18, '/uploads/goods/goods_018.jpg', 1),
  (19, '/uploads/goods/goods_019.jpg', 1),
  (20, '/uploads/goods/goods_020.jpg', 1),
  (21, '/uploads/goods/goods_021.jpg', 1),
  (22, '/uploads/goods/goods_022.jpg', 1),
  (23, '/uploads/goods/goods_023.jpg', 1),
  (24, '/uploads/goods/goods_024.jpg', 1),
  (25, '/uploads/goods/goods_025.jpg', 1),
  (26, '/uploads/goods/goods_026.jpg', 1),
  (27, '/uploads/goods/goods_027.jpg', 1),
  (28, '/uploads/goods/goods_028.jpg', 1),
  (29, '/uploads/goods/goods_029.jpg', 1),
  (30, '/uploads/goods/goods_030.jpg', 1),
  (31, '/uploads/goods/goods_031.jpg', 1),
  (32, '/uploads/goods/goods_032.jpg', 1),
  (33, '/uploads/goods/goods_033.jpg', 1),
  (34, '/uploads/goods/goods_034.jpg', 1),
  (35, '/uploads/goods/goods_035.jpg', 1),
  (36, '/uploads/goods/goods_036.jpg', 1),
  (37, '/uploads/goods/goods_037.jpg', 1),
  (38, '/uploads/goods/goods_038.jpg', 1),
  (39, '/uploads/goods/goods_039.jpg', 1),
  (40, '/uploads/goods/goods_040.jpg', 1),
  (41, '/uploads/goods/goods_041.jpg', 1),
  (42, '/uploads/goods/goods_042.jpg', 1),
  (43, '/uploads/goods/goods_043.jpg', 1),
  (44, '/uploads/goods/goods_044.jpg', 1),
  (45, '/uploads/goods/goods_045.jpg', 1),
  (46, '/uploads/goods/goods_046.jpg', 1),
  (47, '/uploads/goods/goods_047.jpg', 1),
  (48, '/uploads/goods/goods_048.jpg', 1),
  (49, '/uploads/goods/goods_049.jpg', 1),
  (50, '/uploads/goods/goods_050.jpg', 1),
  (51, '/uploads/goods/goods_051.jpg', 1),
  (52, '/uploads/goods/goods_052.jpg', 1),
  (53, '/uploads/goods/goods_053.jpg', 1),
  (54, '/uploads/goods/goods_054.jpg', 1),
  (55, '/uploads/goods/goods_055.jpg', 1),
  (56, '/uploads/goods/goods_056.jpg', 1),
  (57, '/uploads/goods/goods_057.jpg', 1),
  (58, '/uploads/goods/goods_058.jpg', 1),
  (59, '/uploads/goods/goods_059.jpg', 1),
  (60, '/uploads/goods/goods_060.jpg', 1),
  (61, '/uploads/goods/goods_061.jpg', 1),
  (62, '/uploads/goods/goods_062.jpg', 1),
  (63, '/uploads/goods/goods_063.jpg', 1),
  (64, '/uploads/goods/goods_064.jpg', 1),
  (65, '/uploads/goods/goods_065.jpg', 1),
  (66, '/uploads/goods/goods_066.jpg', 1),
  (67, '/uploads/goods/goods_067.jpg', 1),
  (68, '/uploads/goods/goods_068.jpg', 1),
  (69, '/uploads/goods/goods_069.jpg', 1),
  (70, '/uploads/goods/goods_070.jpg', 1),
  (71, '/uploads/goods/goods_071.jpg', 1),
  (72, '/uploads/goods/goods_072.jpg', 1),
  (73, '/uploads/goods/goods_073.jpg', 1),
  (74, '/uploads/goods/goods_074.jpg', 1),
  (75, '/uploads/goods/goods_075.jpg', 1),
  (76, '/uploads/goods/goods_076.jpg', 1),
  (77, '/uploads/goods/goods_077.jpg', 1),
  (78, '/uploads/goods/goods_078.jpg', 1),
  (79, '/uploads/goods/goods_079.jpg', 1),
  (80, '/uploads/goods/goods_080.jpg', 1),
  (81, '/uploads/goods/goods_081.jpg', 1),
  (82, '/uploads/goods/goods_082.jpg', 1),
  (83, '/uploads/goods/goods_083.jpg', 1),
  (84, '/uploads/goods/goods_084.jpg', 1),
  (85, '/uploads/goods/goods_085.jpg', 1),
  (86, '/uploads/goods/goods_086.jpg', 1),
  (87, '/uploads/goods/goods_087.jpg', 1),
  (88, '/uploads/goods/goods_088.jpg', 1),
  (89, '/uploads/goods/goods_089.jpg', 1),
  (90, '/uploads/goods/goods_090.jpg', 1),
  (91, '/uploads/goods/goods_091.jpg', 1),
  (92, '/uploads/goods/goods_092.jpg', 1),
  (93, '/uploads/goods/goods_093.jpg', 1),
  (94, '/uploads/goods/goods_094.jpg', 1),
  (95, '/uploads/goods/goods_095.jpg', 1),
  (96, '/uploads/goods/goods_096.jpg', 1),
  (97, '/uploads/goods/goods_097.jpg', 1),
  (98, '/uploads/goods/goods_098.jpg', 1),
  (99, '/uploads/goods/goods_099.jpg', 1),
  (100, '/uploads/goods/goods_100.jpg', 1);

ALTER TABLE `category` AUTO_INCREMENT = 126;
ALTER TABLE `goods` AUTO_INCREMENT = 101;
ALTER TABLE `goods_image` AUTO_INCREMENT = 101;

SET FOREIGN_KEY_CHECKS = 1;
